{
  "model": "llama-3.1-8b-zero",
  "accuracy": 0.7155555555555555,
  "macro_f1": 0.6184044366864052,
  "weighted_f1": 0.6977889803586266,
  "precision_macro": 0.64919291531017,
  "recall_macro": 0.614855259708647,
  "per_class_f1": {
    "Zustimmung": 0.6198083067092651,
    "Ablehnung": 0.8335358444714459,
    "Neutral": 0.40186915887850466
  },
  "confusion_matrix": [
    [
      97,
      32,
      21
    ],
    [
      32,
      343,
      12
    ],
    [
      34,
      61,
      43
    ]
  ],
  "inference_time_per_1000": 79.44577040495696
}