{
  "model": "llama-3.1-8b-few",
  "accuracy": 0.5259259259259259,
  "macro_f1": 0.46914151439136065,
  "weighted_f1": 0.5322552446261962,
  "precision_macro": 0.6043593073593074,
  "recall_macro": 0.5164835411751488,
  "per_class_f1": {
    "Zustimmung": 0.4635514018691589,
    "Ablehnung": 0.640502354788069,
    "Neutral": 0.30337078651685395
  },
  "confusion_matrix": [
    [
      124,
      22,
      4
    ],
    [
      174,
      204,
      9
    ],
    [
      87,
      24,
      27
    ]
  ],
  "inference_time_per_1000": 261.11123120343245
}