{
  "model": "gbert-large",
  "accuracy": 0.7644444444444445,
  "macro_f1": 0.7219081563670507,
  "weighted_f1": 0.7646175550795326,
  "precision_macro": 0.7227637530472583,
  "recall_macro": 0.7213803692469011,
  "per_class_f1": {
    "Zustimmung": 0.7006802721088435,
    "Neutral": 0.6263345195729537,
    "Ablehnung": 0.8387096774193549
  },
  "confusion_matrix": [
    [
      103,
      18,
      29
    ],
    [
      16,
      88,
      34
    ],
    [
      25,
      37,
      325
    ]
  ],
  "inference_time_per_1000": 6.718815697564019
}