{
  "model": "mt5-xl",
  "accuracy": 0.7303703703703703,
  "macro_f1": 0.6402582421757773,
  "weighted_f1": 0.7084244877982181,
  "precision_macro": 0.7002682164283388,
  "recall_macro": 0.6314406620978916,
  "per_class_f1": {
    "Zustimmung": 0.6775244299674267,
    "Ablehnung": 0.8232502965599051,
    "Neutral": 0.42
  },
  "confusion_matrix": [
    [
      104,
      38,
      8
    ],
    [
      28,
      347,
      12
    ],
    [
      25,
      71,
      42
    ]
  ],
  "inference_time_per_1000": 123.84788725111218
}