{
  "model": "flan-t5-xl",
  "accuracy": 0.7303703703703703,
  "macro_f1": 0.6818035891028592,
  "weighted_f1": 0.7295448553550743,
  "precision_macro": 0.6841284389248048,
  "recall_macro": 0.6796105306519867,
  "per_class_f1": {
    "Zustimmung": 0.6486486486486487,
    "Ablehnung": 0.8128205128205128,
    "Neutral": 0.583941605839416
  },
  "confusion_matrix": [
    [
      96,
      41,
      13
    ],
    [
      27,
      317,
      43
    ],
    [
      23,
      35,
      80
    ]
  ],
  "inference_time_per_1000": 141.91855960422092
}