{
  "model": "xlm-roberta-large",
  "accuracy": 0.7422222222222222,
  "macro_f1": 0.7082044235585565,
  "weighted_f1": 0.7470691738727683,
  "precision_macro": 0.705161455933339,
  "recall_macro": 0.7220529528517394,
  "per_class_f1": {
    "Zustimmung": 0.6759581881533101,
    "Neutral": 0.6335403726708074,
    "Ablehnung": 0.815114709851552
  },
  "confusion_matrix": [
    [
      97,
      22,
      31
    ],
    [
      15,
      102,
      21
    ],
    [
      25,
      60,
      302
    ]
  ],
  "inference_time_per_1000": 7.063216809873228
}