{
  "model": "mistral-7b-zero",
  "accuracy": 0.7111111111111111,
  "macro_f1": 0.6759354259208648,
  "weighted_f1": 0.7231680289963629,
  "precision_macro": 0.6770309668710214,
  "recall_macro": 0.6981350410066285,
  "per_class_f1": {
    "Zustimmung": 0.6529209621993127,
    "Ablehnung": 0.8050847457627118,
    "Neutral": 0.5698005698005698
  },
  "confusion_matrix": [
    [
      95,
      12,
      43
    ],
    [
      32,
      285,
      70
    ],
    [
      14,
      24,
      100
    ]
  ],
  "inference_time_per_1000": 79.4356558057997
}