{
  "model": "mistral-7b-few",
  "accuracy": 0.6755555555555556,
  "macro_f1": 0.6463169499463282,
  "weighted_f1": 0.6887388839845104,
  "precision_macro": 0.6499554760959422,
  "recall_macro": 0.6898880275624463,
  "per_class_f1": {
    "Zustimmung": 0.5686274509803921,
    "Ablehnung": 0.7650602409638554,
    "Neutral": 0.6052631578947368
  },
  "confusion_matrix": [
    [
      87,
      13,
      50
    ],
    [
      56,
      254,
      77
    ],
    [
      13,
      10,
      115
    ]
  ],
  "inference_time_per_1000": 226.63815886886033
}