{
  "model": "gpt-4.1",
  "mode": "zero",
  "accuracy": 0.7288888888888889,
  "macro_f1": 0.5055163010766195,
  "weighted_f1": 0.7326451559876068,
  "precision_macro": 0.5412076121094765,
  "recall_macro": 0.5056737381811418,
  "per_class_f1": {
    "Zustimmung": 0.6068376068376069,
    "Ablehnung": 0.8405797101449276,
    "Neutral": 0.5746478873239437
  },
  "confusion_matrix": [
    [
      71,
      23,
      54
    ],
    [
      8,
      319,
      56
    ],
    [
      6,
      34,
      102
    ]
  ],
  "inference_time_per_1000": 916.8609439002144
}