{
  "model": "gpt-4.1",
  "mode": "few",
  "accuracy": 0.7333333333333333,
  "macro_f1": 0.509427683971885,
  "weighted_f1": 0.7370257661819208,
  "precision_macro": 0.543926656893736,
  "recall_macro": 0.5142754235268298,
  "per_class_f1": {
    "Zustimmung": 0.5982905982905983,
    "Ablehnung": 0.8437917222963952,
    "Neutral": 0.5956284153005464
  },
  "confusion_matrix": [
    [
      70,
      22,
      57
    ],
    [
      9,
      316,
      57
    ],
    [
      6,
      28,
      109
    ]
  ],
  "inference_time_per_1000": 936.8060825489185
}