Model;Regime;Accuracy;Macro-F1;Weighted-F1;Precision (Macro);Recall (Macro);Inference Time / 1k
flan-t5;FT;0.7303703703703703;0.6818035891028592;0.7295448553550743;0.6841284389248048;0.6796105306519867;141.91855960422092
gbert;FT;0.7644444444444445;0.7219081563670507;0.7646175550795326;0.7227637530472583;0.7213803692469011;6.718815697564019
llama-8b;FT;0.8340740740740741;0.8000163224151521;0.8311494457895011;0.8212820512820512;0.7836288057521626;200.1625703882288
mistral-7b;FT;0.8118518518518518;0.5873753947066354;0.8158861268414276;0.5979060765519332;0.5883709695539827;203.95522294221104
mt5;FT;0.7303703703703703;0.6402582421757773;0.7084244877982181;0.7002682164283388;0.6314406620978916;123.84788725111218
xml-roberta;FT;0.7422222222222222;0.7082044235585565;0.7470691738727683;0.705161455933339;0.7220529528517394;7.063216809873228
