Model;Regime;F1-Support;F1-Opposition;F1-Neutral
flan-t5;Fine-tuned;0.6486486486486487;0.8128205128205128;0.583941605839416
gbert;Fine-tuned;0.7006802721088435;0.8387096774193549;0.6263345195729537
llama-8b;Fine-tuned;0.7928571428571428;0.8847583643122676;0.7224334600760456
mistral-7b;Fine-tuned;0.7790262172284644;0.8720626631853786;0.6984126984126984
mt5;Fine-tuned;0.6775244299674267;0.8232502965599051;0.42
xml-roberta;Fine-tuned;0.6759581881533101;0.815114709851552;0.6335403726708074
